sale_date,total_amount,units_sold,product_category,store_location,is_promotion,special_event
2020-01-01,4179.9,144,Deportes,Oeste,False,
2020-01-02,4391.58,151,Ropa,Sur,False,
2020-01-03,3796.08,130,Ropa,Norte,False,
2020-01-04,4829.96,166,Ropa,Norte,True,
2020-01-05,5378.67,185,Ropa,Este,False,
2020-01-06,4258.35,146,Ropa,Oeste,False,
2020-01-07,4134.25,142,Deportes,Centro,False,
2020-01-08,4040.73,139,Electrónicos,Norte,False,
2020-01-09,3908.54,134,Alimentos,Sur,True,
2020-01-10,3701.38,127,Alimentos,Sur,False,
2020-01-11,4713.43,162,Alimentos,Norte,False,
2020-01-12,5378.77,185,Electrónicos,Oeste,True,
2020-01-13,4309.99,148,Deportes,Norte,False,
2020-01-14,4352.69,150,Deportes,Sur,False,
2020-01-15,3773.83,130,Alimentos,Sur,False,
2020-01-16,3864.9,133,Hogar,Oeste,False,
2020-01-17,3902.07,134,Deportes,Este,False,
2020-01-18,5434.04,187,Hogar,Norte,False,
2020-01-19,5029.12,173,Hogar,Este,False,
2020-01-20,4172.59,143,Hogar,Sur,False,
2020-01-21,3862.99,133,Ropa,Este,False,
2020-01-22,4151.49,143,Ropa,Centro,False,
2020-01-23,3789.26,130,Alimentos,Centro,True,
2020-01-24,3959.33,136,Electrónicos,Norte,False,
2020-01-25,4836.62,166,Hogar,Oeste,False,
2020-01-26,5371.82,185,Deportes,Centro,False,
2020-01-27,4337.19,149,Alimentos,Oeste,False,
2020-01-28,4357.73,150,Deportes,Oeste,False,
2020-01-29,3931.85,135,Alimentos,Norte,False,
2020-01-30,4302.03,148,Electrónicos,Centro,True,
2020-01-31,3716.52,128,Ropa,Oeste,False,
2020-02-01,5503.33,189,Hogar,Oeste,False,
2020-02-02,5679.68,195,Alimentos,Norte,True,
2020-02-03,3956.9,136,Deportes,Este,True,
2020-02-04,3948.29,136,Hogar,Centro,True,
2020-02-05,3954.34,136,Hogar,Oeste,False,
2020-02-06,3639.69,125,Ropa,Sur,False,
2020-02-07,3758.38,129,Electrónicos,Oeste,True,
2020-02-08,5708.16,196,Ropa,Norte,False,
2020-02-09,4939.77,170,Hogar,Oeste,True,
2020-02-10,4114.01,141,Alimentos,Oeste,False,
2020-02-11,3645.11,125,Electrónicos,Sur,False,
2020-02-12,4197.12,144,Electrónicos,Centro,True,
2020-02-13,3944.17,136,Hogar,Oeste,True,
2020-02-14,4310.83,148,Hogar,Norte,False,
2020-02-15,4792.13,165,Deportes,Centro,False,
2020-02-16,5589.31,192,Hogar,Este,False,
2020-02-17,4147.56,143,Alimentos,Sur,True,
2020-02-18,4005.58,138,Deportes,Norte,False,
2020-02-19,4430.02,152,Hogar,Sur,True,
2020-02-20,4308.27,148,Ropa,Oeste,False,
2020-02-21,3860.93,133,Hogar,Oeste,False,
2020-02-22,5738.96,197,Electrónicos,Sur,False,
2020-02-23,5610.77,193,Deportes,Norte,True,
2020-02-24,4053.32,139,Deportes,Norte,True,
2020-02-25,4139.01,142,Ropa,Este,False,
2020-02-26,3851.91,132,Hogar,Oeste,False,
2020-02-27,3669.3,126,Alimentos,Este,False,
2020-02-28,4262.05,147,Alimentos,Centro,False,
2020-02-29,5452.57,188,Deportes,Oeste,False,
2020-03-01,6294.44,217,Hogar,Sur,False,
2020-03-02,4574.3,157,Hogar,Sur,False,
2020-03-03,5495.92,189,Alimentos,Este,False,
2020-03-04,5326.99,183,Deportes,Sur,False,
2020-03-05,5391.8,185,Deportes,Sur,False,
2020-03-06,4712.23,162,Hogar,Norte,False,
2020-03-07,6549.08,225,Ropa,Centro,False,
2020-03-08,6337.11,218,Electrónicos,Sur,False,
2020-03-09,4850.43,167,Electrónicos,Norte,False,
2020-03-10,4944.04,170,Electrónicos,Centro,False,
2020-03-11,4607.93,158,Alimentos,Oeste,False,
2020-03-12,5446.65,187,Alimentos,Este,True,
2020-03-13,5526.8,190,Hogar,Este,True,
2020-03-14,7260.27,250,Deportes,Centro,False,
2020-03-15,6210.08,214,Hogar,Centro,False,
2020-03-16,5406.92,186,Electrónicos,Centro,False,
2020-03-17,4917.18,169,Alimentos,Norte,False,
2020-03-18,4775.82,164,Alimentos,Este,False,
2020-03-19,5492.85,189,Alimentos,Centro,False,
2020-03-20,5202.11,179,Hogar,Centro,False,
2020-03-21,7222.23,249,Hogar,Oeste,False,
2020-03-22,6464.62,223,Deportes,Norte,False,
2020-03-23,5288.29,182,Hogar,Oeste,False,
2020-03-24,4998.87,172,Hogar,Centro,False,
2020-03-25,5359.42,184,Deportes,Norte,False,
2020-03-26,5300.36,182,Electrónicos,Centro,True,
2020-03-27,4783.46,165,Deportes,Sur,False,
2020-03-28,6320.83,218,Ropa,Este,False,
2020-03-29,6381.53,220,Ropa,Sur,False,
2020-03-30,5350.72,184,Hogar,Sur,False,
2020-03-31,5534.11,190,Alimentos,Este,True,
2020-04-01,4816.3,166,Alimentos,Este,False,
2020-04-02,4984.87,171,Hogar,Centro,False,
2020-04-03,5513.5,190,Hogar,Este,False,
2020-04-04,6856.83,236,Electrónicos,Este,False,
2020-04-05,6689.85,230,Deportes,Centro,False,
2020-04-06,5615.63,193,Alimentos,Oeste,False,
2020-04-07,5517.69,190,Ropa,Sur,False,
2020-04-08,4968.75,171,Deportes,Este,False,
2020-04-09,5275.87,181,Deportes,Centro,False,
2020-04-10,4976.01,171,Electrónicos,Centro,False,
2020-04-11,6903.63,238,Electrónicos,Oeste,False,
2020-04-12,6336.16,218,Alimentos,Centro,False,
2020-04-13,5391.88,185,Hogar,Oeste,False,
2020-04-14,5583.95,192,Ropa,Sur,False,
2020-04-15,5378.43,185,Electrónicos,Sur,False,
2020-04-16,5431.47,187,Alimentos,Este,False,
2020-04-17,4700.2,162,Hogar,Centro,True,
2020-04-18,6479.84,223,Hogar,Centro,False,
2020-04-19,6383.2,220,Electrónicos,Este,False,
2020-04-20,4937.9,170,Deportes,Norte,False,
2020-04-21,5627.19,194,Hogar,Este,False,
2020-04-22,5486.29,189,Electrónicos,Norte,True,
2020-04-23,5377.42,185,Electrónicos,Este,False,
2020-04-24,5387.77,185,Electrónicos,Norte,False,
2020-04-25,6361.43,219,Deportes,Norte,True,
2020-04-26,6871.96,237,Electrónicos,Centro,False,
2020-04-27,4884.12,168,Ropa,Norte,False,
2020-04-28,5268.01,181,Ropa,Este,False,
2020-04-29,4832.18,166,Ropa,Oeste,True,
2020-04-30,5585.92,192,Electrónicos,Norte,True,
2020-05-01,5483.58,189,Deportes,Oeste,False,
2020-05-02,6775.5,233,Ropa,Oeste,False,
2020-05-03,6301.96,217,Electrónicos,Este,True,
2020-05-04,5356.68,184,Ropa,Norte,False,
2020-05-05,5271.42,181,Electrónicos,Centro,False,
2020-05-06,5507.05,189,Alimentos,Oeste,False,
2020-05-07,4845.97,167,Alimentos,Norte,True,
2020-05-08,5215.2,179,Electrónicos,Oeste,False,
2020-05-09,6456.49,222,Ropa,Sur,False,
2020-05-10,6427.4,221,Deportes,Este,True,
2020-05-11,4641.24,160,Deportes,Este,False,
2020-05-12,4816.22,166,Ropa,Oeste,False,
2020-05-13,5243.49,180,Electrónicos,Centro,False,
2020-05-14,4838.01,166,Hogar,Sur,False,
2020-05-15,5067.32,174,Electrónicos,Sur,True,
2020-05-16,6346.24,218,Alimentos,Norte,False,
2020-05-17,6810.37,234,Ropa,Norte,False,
2020-05-18,5056.29,174,Electrónicos,Sur,False,
2020-05-19,5209.89,179,Electrónicos,Norte,False,
2020-05-20,5249.07,181,Hogar,Sur,False,
2020-05-21,5384.05,185,Deportes,Oeste,False,
2020-05-22,4840.43,166,Deportes,Norte,False,
2020-05-23,7037.0,242,Alimentos,Norte,False,
2020-05-24,6802.71,234,Alimentos,Oeste,False,
2020-05-25,4948.02,170,Deportes,Oeste,False,
2020-05-26,4868.91,167,Deportes,Este,False,
2020-05-27,5021.83,173,Hogar,Este,False,
2020-05-28,4911.95,169,Ropa,Oeste,True,
2020-05-29,5095.05,175,Electrónicos,Norte,True,
2020-05-30,6082.73,209,Hogar,Oeste,True,
2020-05-31,6523.39,225,Ropa,Centro,True,
2020-06-01,5528.82,190,Ropa,Norte,False,
2020-06-02,4789.83,165,Ropa,Sur,True,
2020-06-03,5273.81,181,Electrónicos,Sur,False,
2020-06-04,4671.45,161,Ropa,Este,True,
2020-06-05,4965.35,171,Electrónicos,Oeste,True,
2020-06-06,6298.48,217,Electrónicos,Sur,False,
2020-06-07,6228.37,214,Hogar,Centro,True,
2020-06-08,5127.93,176,Deportes,Sur,True,
2020-06-09,4822.67,166,Electrónicos,Oeste,False,
2020-06-10,5012.14,172,Electrónicos,Este,False,
2020-06-11,4959.42,171,Electrónicos,Norte,False,
2020-06-12,5577.19,192,Electrónicos,Este,False,
2020-06-13,6871.21,237,Electrónicos,Norte,False,
2020-06-14,7039.85,242,Alimentos,Norte,False,
2020-06-15,5397.02,186,Hogar,Sur,False,
2020-06-16,5314.32,183,Electrónicos,Norte,False,
2020-06-17,5259.22,181,Electrónicos,Norte,False,
2020-06-18,5633.38,194,Deportes,Este,False,
2020-06-19,5031.93,173,Electrónicos,Norte,False,
2020-06-20,6855.98,236,Deportes,Sur,True,
2020-06-21,6517.78,224,Electrónicos,Oeste,True,
2020-06-22,5659.77,195,Electrónicos,Oeste,True,
2020-06-23,5191.83,179,Hogar,Centro,False,
2020-06-24,5577.75,192,Electrónicos,Centro,False,
2020-06-25,5217.72,179,Ropa,Sur,False,
2020-06-26,5089.73,175,Hogar,Este,False,
2020-06-27,7002.51,241,Deportes,Norte,False,
2020-06-28,6621.5,228,Deportes,Norte,True,
2020-06-29,5031.49,173,Electrónicos,Este,False,
2020-06-30,4743.71,163,Alimentos,Sur,True,
2020-07-01,5715.72,197,Electrónicos,Este,False,
2020-07-02,4822.23,166,Ropa,Norte,False,
2020-07-03,5241.67,180,Hogar,Oeste,False,
2020-07-04,6480.19,223,Deportes,Sur,True,
2020-07-05,6932.42,239,Ropa,Centro,False,
2020-07-06,5386.13,185,Electrónicos,Sur,False,
2020-07-07,5029.68,173,Ropa,Norte,False,
2020-07-08,5336.23,184,Hogar,Sur,False,
2020-07-09,4703.67,162,Hogar,Oeste,False,
2020-07-10,5418.87,186,Hogar,Sur,False,
2020-07-11,6188.37,213,Deportes,Oeste,False,
2020-07-12,6844.96,236,Hogar,Centro,False,
2020-07-13,4841.82,167,Electrónicos,Sur,False,
2020-07-14,5002.95,172,Electrónicos,Sur,False,
2020-07-15,5305.34,183,Electrónicos,Norte,True,Día de la Independencia
2020-07-16,4969.2,171,Electrónicos,Centro,True,
2020-07-17,5140.43,177,Alimentos,Oeste,True,
2020-07-18,6502.09,224,Electrónicos,Oeste,False,
2020-07-19,6756.51,233,Hogar,Centro,False,
2020-07-20,4771.47,164,Deportes,Norte,False,
2020-07-21,5303.73,182,Ropa,Sur,False,
2020-07-22,5289.57,182,Ropa,Este,False,
2020-07-23,4908.86,169,Hogar,Sur,False,
2020-07-24,5528.32,190,Hogar,Norte,False,
2020-07-25,6125.56,211,Alimentos,Norte,False,
2020-07-26,6891.85,237,Hogar,Oeste,False,
2020-07-27,5302.29,182,Electrónicos,Sur,False,
2020-07-28,5241.07,180,Alimentos,Este,False,
2020-07-29,4733.53,163,Hogar,Sur,False,
2020-07-30,4772.65,164,Ropa,Oeste,False,
2020-07-31,5418.87,186,Deportes,Centro,False,
2020-08-01,6409.72,221,Deportes,Centro,False,
2020-08-02,7425.27,256,Hogar,Sur,False,
2020-08-03,4753.68,163,Ropa,Oeste,False,
2020-08-04,5649.11,194,Hogar,Este,True,
2020-08-05,5197.53,179,Alimentos,Este,False,
2020-08-06,5246.31,180,Deportes,Norte,False,
2020-08-07,5148.14,177,Electrónicos,Sur,False,
2020-08-08,6803.12,234,Alimentos,Este,False,
2020-08-09,6441.29,222,Alimentos,Norte,False,
2020-08-10,5575.27,192,Electrónicos,Oeste,False,
2020-08-11,5509.74,190,Ropa,Centro,False,
2020-08-12,5417.0,186,Ropa,Oeste,False,
2020-08-13,5764.54,198,Hogar,Centro,False,
2020-08-14,4881.63,168,Hogar,Este,True,
2020-08-15,7164.86,247,Hogar,Sur,False,
2020-08-16,6362.27,219,Electrónicos,Oeste,False,
2020-08-17,5522.38,190,Alimentos,Este,False,
2020-08-18,5696.21,196,Ropa,Centro,False,
2020-08-19,5085.93,175,Hogar,Sur,True,
2020-08-20,5442.64,187,Electrónicos,Norte,True,
2020-08-21,5207.91,179,Deportes,Centro,True,
2020-08-22,6237.3,215,Electrónicos,Centro,False,
2020-08-23,7047.09,243,Alimentos,Sur,False,
2020-08-24,5445.31,187,Deportes,Sur,False,
2020-08-25,5140.49,177,Ropa,Sur,False,
2020-08-26,5224.69,180,Hogar,Centro,False,
2020-08-27,5527.67,190,Alimentos,Norte,False,
2020-08-28,5677.49,195,Hogar,Oeste,False,
2020-08-29,6566.82,226,Electrónicos,Sur,True,
2020-08-30,7120.72,245,Hogar,Este,False,
2020-08-31,5476.61,188,Deportes,Oeste,False,
2020-09-01,5612.47,193,Alimentos,Este,False,
2020-09-02,5568.96,192,Alimentos,Este,True,
2020-09-03,5255.38,181,Electrónicos,Norte,False,
2020-09-04,5556.48,191,Deportes,Oeste,False,
2020-09-05,6626.88,228,Alimentos,Centro,False,
2020-09-06,6209.36,214,Alimentos,Oeste,False,
2020-09-07,5039.43,173,Electrónicos,Norte,False,
2020-09-08,5001.14,172,Ropa,Sur,False,
2020-09-09,5464.16,188,Electrónicos,Oeste,True,
2020-09-10,5565.95,192,Electrónicos,Centro,True,
2020-09-11,5790.32,199,Deportes,Este,False,
2020-09-12,6865.33,236,Deportes,Sur,True,
2020-09-13,6995.98,241,Hogar,Sur,True,
2020-09-14,4929.54,170,Electrónicos,Oeste,True,
2020-09-15,5807.37,200,Alimentos,Oeste,False,
2020-09-16,5600.51,193,Deportes,Este,False,
2020-09-17,5188.52,178,Electrónicos,Centro,False,
2020-09-18,5220.78,180,Ropa,Centro,False,
2020-09-19,6449.73,222,Deportes,Centro,False,
2020-09-20,7444.77,256,Alimentos,Este,False,
2020-09-21,5120.52,176,Ropa,Norte,False,
2020-09-22,5816.48,200,Deportes,Centro,True,
2020-09-23,4989.94,172,Alimentos,Centro,True,
2020-09-24,5522.57,190,Ropa,Norte,True,
2020-09-25,5032.64,173,Electrónicos,Oeste,False,
2020-09-26,6513.89,224,Hogar,Sur,False,
2020-09-27,6604.58,227,Ropa,Norte,False,
2020-09-28,5294.65,182,Alimentos,Norte,False,
2020-09-29,5772.76,199,Deportes,Sur,False,
2020-09-30,4999.57,172,Electrónicos,Centro,False,
2020-10-01,5113.65,176,Hogar,Oeste,False,
2020-10-02,5663.28,195,Electrónicos,Centro,False,
2020-10-03,7407.25,255,Hogar,Este,False,
2020-10-04,7185.8,247,Alimentos,Sur,False,
2020-10-05,5242.05,180,Ropa,Norte,False,
2020-10-06,5547.02,191,Hogar,Centro,True,
2020-10-07,5473.25,188,Hogar,Este,True,
2020-10-08,5559.04,191,Electrónicos,Este,False,
2020-10-09,5012.37,172,Hogar,Este,True,
2020-10-10,6587.84,227,Alimentos,Sur,False,
2020-10-11,6870.86,237,Electrónicos,Centro,False,
2020-10-12,5520.87,190,Hogar,Sur,False,
2020-10-13,4992.35,172,Alimentos,Norte,False,
2020-10-14,5643.89,194,Ropa,Oeste,True,
2020-10-15,5063.68,174,Hogar,Oeste,False,
2020-10-16,5223.93,180,Electrónicos,Este,False,
2020-10-17,6959.16,240,Ropa,Centro,False,
2020-10-18,7118.58,245,Deportes,Este,False,
2020-10-19,5219.89,180,Electrónicos,Sur,False,
2020-10-20,5443.86,187,Deportes,Oeste,False,
2020-10-21,5045.26,174,Ropa,Oeste,False,
2020-10-22,5575.21,192,Ropa,Norte,True,
2020-10-23,4979.11,171,Hogar,Este,False,
2020-10-24,7475.42,257,Alimentos,Este,True,
2020-10-25,6420.51,221,Ropa,Este,True,
2020-10-26,5374.29,185,Deportes,Norte,True,
2020-10-27,5305.03,183,Electrónicos,Norte,True,
2020-10-28,4988.61,172,Electrónicos,Sur,True,
2020-10-29,4865.02,167,Ropa,Norte,False,
2020-10-30,5203.07,179,Alimentos,Norte,False,
2020-10-31,7317.05,252,Deportes,Oeste,False,
2020-11-01,9551.1,329,Ropa,Sur,True,
2020-11-02,8378.18,289,Deportes,Este,False,
2020-11-03,7886.12,272,Hogar,Norte,False,
2020-11-04,7551.91,260,Deportes,Este,False,
2020-11-05,8532.74,294,Alimentos,Centro,False,
2020-11-06,7294.11,251,Deportes,Sur,False,
2020-11-07,11362.04,391,Electrónicos,Centro,False,
2020-11-08,11084.33,382,Ropa,Centro,True,
2020-11-09,7623.78,262,Electrónicos,Norte,False,
2020-11-10,8194.98,282,Deportes,Este,False,
2020-11-11,8276.19,285,Deportes,Este,False,
2020-11-12,8752.96,301,Ropa,Sur,False,
2020-11-13,7435.69,256,Ropa,Sur,False,
2020-11-14,9452.37,326,Ropa,Oeste,False,
2020-11-15,10940.92,377,Electrónicos,Norte,False,
2020-11-16,8488.43,292,Hogar,Sur,True,
2020-11-17,7774.47,268,Hogar,Norte,False,
2020-11-18,8793.75,303,Electrónicos,Este,False,
2020-11-19,8257.43,284,Ropa,Oeste,True,
2020-11-20,7884.67,271,Deportes,Centro,True,
2020-11-21,9407.56,324,Ropa,Este,True,
2020-11-22,10950.95,377,Hogar,Norte,False,
2020-11-23,7723.11,266,Deportes,Norte,False,
2020-11-24,8474.84,292,Ropa,Oeste,False,
2020-11-25,8132.93,280,Alimentos,Sur,False,
2020-11-26,8058.49,277,Electrónicos,Norte,False,
2020-11-27,8012.29,276,Hogar,Norte,False,
2020-11-28,11265.02,388,Deportes,Sur,True,
2020-11-29,10713.29,369,Hogar,Centro,False,
2020-11-30,7538.21,260,Electrónicos,Este,False,
2020-12-01,8224.42,283,Ropa,Sur,False,
2020-12-02,8386.27,289,Alimentos,Este,True,
2020-12-03,8654.54,298,Alimentos,Oeste,False,
2020-12-04,7670.07,264,Hogar,Este,False,
2020-12-05,9588.84,330,Alimentos,Centro,False,
2020-12-06,10451.63,360,Hogar,Oeste,False,
2020-12-07,8095.01,279,Alimentos,Centro,True,
2020-12-08,8173.8,281,Alimentos,Sur,False,
2020-12-09,7796.27,268,Alimentos,Este,False,
2020-12-10,8581.26,296,Ropa,Centro,False,
2020-12-11,8232.32,283,Ropa,Este,False,
2020-12-12,9598.87,331,Alimentos,Centro,False,
2020-12-13,10654.7,367,Ropa,Oeste,False,
2020-12-14,8452.98,291,Hogar,Este,False,
2020-12-15,7914.0,272,Electrónicos,Este,False,
2020-12-16,8682.56,299,Hogar,Centro,True,
2020-12-17,8639.61,298,Deportes,Norte,True,
2020-12-18,7282.7,251,Electrónicos,Centro,False,
2020-12-19,10445.34,360,Deportes,Centro,False,
2020-12-20,9661.52,333,Hogar,Centro,False,
2020-12-21,8439.67,291,Ropa,Este,False,
2020-12-22,8378.75,289,Deportes,Norte,False,
2020-12-23,8102.67,279,Hogar,Oeste,True,
2020-12-24,8456.88,291,Alimentos,Centro,False,
2020-12-25,8492.43,292,Alimentos,Este,False,Navidad
2020-12-26,10126.92,349,Electrónicos,Norte,False,
2020-12-27,10910.24,376,Deportes,Oeste,False,
2020-12-28,8480.94,292,Deportes,Norte,False,
2020-12-29,7481.2,258,Electrónicos,Centro,True,
2020-12-30,8900.95,307,Hogar,Norte,False,
2020-12-31,7392.65,255,Deportes,Este,False,
2021-01-01,4063.39,140,Alimentos,Centro,False,
2021-01-02,5705.53,196,Hogar,Sur,True,
2021-01-03,5572.78,192,Alimentos,Oeste,True,
2021-01-04,4752.69,163,Electrónicos,Sur,False,
2021-01-05,4360.22,150,Hogar,Norte,False,
2021-01-06,4505.78,155,Alimentos,Norte,False,
2021-01-07,4294.78,148,Ropa,Norte,True,
2021-01-08,4633.54,159,Hogar,Centro,False,
2021-01-09,5318.03,183,Deportes,Centro,True,
2021-01-10,5550.42,191,Ropa,Norte,False,
2021-01-11,4142.1,142,Hogar,Oeste,False,
2021-01-12,4064.37,140,Deportes,Oeste,True,
2021-01-13,4550.23,156,Hogar,Sur,False,
2021-01-14,4640.14,160,Electrónicos,Centro,False,
2021-01-15,4088.76,141,Hogar,Este,False,
2021-01-16,6035.26,208,Ropa,Este,False,
2021-01-17,6098.13,210,Deportes,Oeste,True,
2021-01-18,4610.06,159,Hogar,Centro,False,
2021-01-19,4502.38,155,Deportes,Oeste,True,
2021-01-20,4718.07,162,Hogar,Oeste,False,
2021-01-21,4453.08,153,Ropa,Norte,False,
2021-01-22,4486.09,154,Deportes,Norte,False,
2021-01-23,6117.25,211,Hogar,Norte,False,
2021-01-24,5347.75,184,Alimentos,Este,False,
2021-01-25,3923.28,135,Hogar,Sur,False,
2021-01-26,3924.52,135,Ropa,Oeste,False,
2021-01-27,4750.68,163,Electrónicos,Sur,True,
2021-01-28,4088.36,141,Electrónicos,Norte,True,
2021-01-29,4001.12,138,Electrónicos,Este,True,
2021-01-30,6206.67,214,Deportes,Este,False,
2021-01-31,5579.31,192,Alimentos,Norte,False,
2021-02-01,4653.31,160,Electrónicos,Norte,False,
2021-02-02,4026.9,138,Alimentos,Sur,True,
2021-02-03,4583.4,158,Deportes,Este,False,
2021-02-04,4779.82,164,Hogar,Centro,False,
2021-02-05,3969.36,136,Ropa,Sur,False,
2021-02-06,5153.79,177,Hogar,Sur,False,
2021-02-07,6127.37,211,Ropa,Norte,True,
2021-02-08,4431.47,152,Alimentos,Sur,False,
2021-02-09,4480.52,154,Electrónicos,Norte,False,
2021-02-10,4023.44,138,Ropa,Norte,False,
2021-02-11,4194.68,144,Hogar,Este,False,
2021-02-12,4245.13,146,Hogar,Este,False,
2021-02-13,5511.42,190,Deportes,Norte,True,
2021-02-14,6123.52,211,Ropa,Sur,True,
2021-02-15,3979.87,137,Hogar,Este,False,
2021-02-16,4039.33,139,Hogar,Centro,True,
2021-02-17,4032.83,139,Hogar,Oeste,False,
2021-02-18,4624.26,159,Hogar,Oeste,False,
2021-02-19,4454.8,153,Hogar,Norte,False,
2021-02-20,5859.23,202,Ropa,Centro,False,
2021-02-21,5219.95,180,Alimentos,Centro,False,
2021-02-22,4132.34,142,Electrónicos,Oeste,False,
2021-02-23,4503.1,155,Alimentos,Norte,False,
2021-02-24,4546.2,156,Electrónicos,Centro,False,
2021-02-25,4225.79,145,Ropa,Sur,False,
2021-02-26,3971.2,136,Hogar,Este,False,
2021-02-27,5904.95,203,Deportes,Oeste,False,
2021-02-28,5583.2,192,Electrónicos,Norte,False,
2021-03-01,5328.22,183,Hogar,Sur,False,
2021-03-02,5406.79,186,Alimentos,Norte,True,
2021-03-03,5759.25,198,Electrónicos,Sur,False,
2021-03-04,5728.79,197,Alimentos,Sur,False,
2021-03-05,5591.83,192,Ropa,Sur,True,
2021-03-06,6747.24,232,Ropa,Sur,True,
2021-03-07,7316.77,252,Alimentos,Norte,True,
2021-03-08,5669.36,195,Deportes,Oeste,False,
2021-03-09,5629.1,194,Electrónicos,Este,False,
2021-03-10,5949.16,205,Hogar,Sur,False,
2021-03-11,5490.63,189,Deportes,Este,False,
2021-03-12,5124.7,176,Alimentos,Este,False,
2021-03-13,7264.05,250,Deportes,Sur,False,
2021-03-14,6806.94,234,Ropa,Oeste,False,
2021-03-15,5099.4,175,Electrónicos,Oeste,False,
2021-03-16,6029.98,208,Hogar,Este,False,
2021-03-17,4996.12,172,Hogar,Oeste,True,
2021-03-18,4989.83,172,Deportes,Centro,False,
2021-03-19,5499.22,189,Electrónicos,Centro,False,
2021-03-20,7740.12,267,Hogar,Este,False,
2021-03-21,6589.34,227,Alimentos,Norte,False,
2021-03-22,6035.37,208,Hogar,Centro,True,
2021-03-23,4999.29,172,Ropa,Centro,False,
2021-03-24,5810.07,200,Ropa,Norte,False,
2021-03-25,5823.8,200,Hogar,Oeste,False,
2021-03-26,5083.38,175,Electrónicos,Centro,False,
2021-03-27,6659.89,229,Hogar,Oeste,False,
2021-03-28,7066.02,243,Deportes,Centro,False,
2021-03-29,5512.06,190,Alimentos,Este,False,
2021-03-30,6012.86,207,Alimentos,Norte,False,
2021-03-31,5142.18,177,Hogar,Norte,False,
2021-04-01,5782.96,199,Deportes,Sur,False,
2021-04-02,5847.93,201,Deportes,Centro,False,
2021-04-03,6908.75,238,Deportes,Oeste,False,
2021-04-04,6508.78,224,Deportes,Sur,False,
2021-04-05,5398.91,186,Ropa,Este,False,
2021-04-06,5112.78,176,Electrónicos,Centro,False,
2021-04-07,6043.73,208,Electrónicos,Sur,False,
2021-04-08,5506.26,189,Hogar,Este,False,
2021-04-09,6034.44,208,Ropa,Sur,False,
2021-04-10,7210.1,248,Hogar,Este,False,
2021-04-11,7879.33,271,Deportes,Centro,False,
2021-04-12,6023.65,207,Alimentos,Norte,False,
2021-04-13,5531.39,190,Deportes,Centro,False,
2021-04-14,6017.0,207,Deportes,Oeste,False,
2021-04-15,5934.51,204,Electrónicos,Centro,False,
2021-04-16,5814.57,200,Electrónicos,Oeste,True,
2021-04-17,6547.21,225,Alimentos,Sur,False,
2021-04-18,7129.11,245,Hogar,Centro,False,
2021-04-19,6036.69,208,Ropa,Norte,False,
2021-04-20,5715.96,197,Ropa,Sur,False,
2021-04-21,5644.5,194,Alimentos,Norte,False,
2021-04-22,5206.4,179,Deportes,Centro,False,
2021-04-23,5619.05,193,Deportes,Norte,True,
2021-04-24,7309.5,252,Hogar,Sur,True,
2021-04-25,7523.38,259,Hogar,Este,False,
2021-04-26,5430.21,187,Ropa,Este,True,
2021-04-27,5807.61,200,Electrónicos,Norte,False,
2021-04-28,6004.57,207,Electrónicos,Centro,False,
2021-04-29,5804.36,200,Ropa,Centro,False,
2021-04-30,5686.69,196,Electrónicos,Sur,False,
2021-05-01,6676.45,230,Electrónicos,Oeste,False,
2021-05-02,7328.8,252,Hogar,Norte,True,
2021-05-03,5119.31,176,Ropa,Sur,False,
2021-05-04,5650.54,194,Hogar,Norte,True,
2021-05-05,5069.73,174,Ropa,Norte,False,
2021-05-06,5833.91,201,Deportes,Oeste,False,
2021-05-07,5837.3,201,Deportes,Este,False,
2021-05-08,7807.74,269,Alimentos,Este,False,
2021-05-09,7732.45,266,Hogar,Centro,False,
2021-05-10,5226.58,180,Alimentos,Centro,False,
2021-05-11,5491.37,189,Electrónicos,Oeste,True,
2021-05-12,5458.68,188,Deportes,Este,False,
2021-05-13,5631.69,194,Alimentos,Oeste,False,
2021-05-14,5726.28,197,Deportes,Oeste,False,
2021-05-15,7906.42,272,Alimentos,Este,False,
2021-05-16,7126.33,245,Deportes,Norte,False,
2021-05-17,5609.96,193,Deportes,Centro,False,
2021-05-18,5422.6,187,Alimentos,Centro,False,
2021-05-19,6106.07,210,Alimentos,Este,True,
2021-05-20,6049.05,208,Ropa,Este,False,
2021-05-21,5020.85,173,Deportes,Sur,False,
2021-05-22,6749.62,232,Electrónicos,Oeste,False,
2021-05-23,7104.78,245,Ropa,Este,False,
2021-05-24,5589.5,192,Hogar,Oeste,True,
2021-05-25,5294.06,182,Hogar,Centro,True,
2021-05-26,5513.41,190,Hogar,Norte,False,
2021-05-27,5381.31,185,Alimentos,Oeste,False,
2021-05-28,5917.39,204,Alimentos,Centro,False,
2021-05-29,6866.2,236,Deportes,Oeste,False,
2021-05-30,6637.28,228,Electrónicos,Sur,False,
2021-05-31,5686.91,196,Ropa,Sur,False,
2021-06-01,5477.36,188,Deportes,Centro,True,
2021-06-02,5616.05,193,Alimentos,Oeste,False,
2021-06-03,5075.0,175,Electrónicos,Centro,False,
2021-06-04,5221.96,180,Electrónicos,Este,False,
2021-06-05,7846.92,270,Ropa,Oeste,False,
2021-06-06,7621.37,262,Hogar,Este,False,
2021-06-07,5864.32,202,Electrónicos,Oeste,False,
2021-06-08,5334.11,184,Hogar,Oeste,False,
2021-06-09,5868.16,202,Alimentos,Sur,False,
2021-06-10,5371.03,185,Hogar,Sur,False,
2021-06-11,5677.33,195,Alimentos,Este,False,
2021-06-12,7504.49,258,Alimentos,Oeste,False,
2021-06-13,7936.25,273,Hogar,Este,True,
2021-06-14,5861.65,202,Hogar,Norte,False,
2021-06-15,6073.17,209,Hogar,Sur,True,
2021-06-16,5555.97,191,Ropa,Sur,False,
2021-06-17,5481.68,189,Ropa,Oeste,False,
2021-06-18,5992.61,206,Electrónicos,Este,True,
2021-06-19,6872.44,237,Electrónicos,Sur,False,
2021-06-20,6751.17,232,Alimentos,Norte,False,
2021-06-21,5837.03,201,Deportes,Norte,False,
2021-06-22,5615.85,193,Electrónicos,Este,False,
2021-06-23,5676.16,195,Electrónicos,Centro,True,
2021-06-24,5696.62,196,Electrónicos,Este,True,
2021-06-25,5383.86,185,Deportes,Este,False,
2021-06-26,7726.47,266,Electrónicos,Centro,False,
2021-06-27,6686.07,230,Ropa,Sur,False,
2021-06-28,6150.62,212,Alimentos,Este,True,
2021-06-29,5599.5,193,Electrónicos,Este,False,
2021-06-30,5565.16,191,Alimentos,Norte,True,
2021-07-01,5377.55,185,Hogar,Oeste,False,
2021-07-02,6120.9,211,Alimentos,Sur,True,
2021-07-03,7271.87,250,Alimentos,Oeste,False,
2021-07-04,7445.19,256,Electrónicos,Sur,False,
2021-07-05,5989.11,206,Alimentos,Este,False,
2021-07-06,5519.65,190,Hogar,Sur,False,
2021-07-07,5483.09,189,Deportes,Sur,False,
2021-07-08,5604.99,193,Hogar,Este,True,
2021-07-09,6018.22,207,Ropa,Sur,False,
2021-07-10,7215.66,248,Alimentos,Oeste,True,
2021-07-11,7056.18,243,Alimentos,Este,False,
2021-07-12,5970.12,205,Ropa,Centro,False,
2021-07-13,5107.2,176,Electrónicos,Sur,False,
2021-07-14,5461.72,188,Hogar,Norte,False,
2021-07-15,5771.17,199,Deportes,Sur,True,Día de la Independencia
2021-07-16,5805.58,200,Alimentos,Sur,False,
2021-07-17,7198.11,248,Alimentos,Centro,True,
2021-07-18,6881.83,237,Hogar,Este,True,
2021-07-19,5300.35,182,Electrónicos,Sur,False,
2021-07-20,6065.11,209,Alimentos,Norte,False,
2021-07-21,5392.44,186,Hogar,Centro,False,
2021-07-22,5485.1,189,Electrónicos,Este,False,
2021-07-23,5761.45,198,Electrónicos,Oeste,False,
2021-07-24,6885.78,237,Hogar,Norte,True,
2021-07-25,7097.13,244,Alimentos,Oeste,False,
2021-07-26,6064.17,209,Hogar,Este,False,
2021-07-27,5957.8,205,Alimentos,Sur,False,
2021-07-28,5727.99,197,Alimentos,Oeste,False,
2021-07-29,5963.76,205,Electrónicos,Centro,False,
2021-07-30,5602.18,193,Ropa,Sur,False,
2021-07-31,7036.68,242,Deportes,Sur,False,
2021-08-01,7226.89,249,Hogar,Centro,False,
2021-08-02,6145.31,211,Ropa,Norte,False,
2021-08-03,6042.15,208,Deportes,Este,False,
2021-08-04,5915.23,204,Hogar,Sur,False,
2021-08-05,5987.43,206,Electrónicos,Este,False,
2021-08-06,5443.31,187,Alimentos,Oeste,False,
2021-08-07,7347.28,253,Hogar,Este,False,
2021-08-08,7885.75,272,Hogar,Norte,False,
2021-08-09,5285.3,182,Hogar,Norte,False,
2021-08-10,6003.57,207,Ropa,Oeste,False,
2021-08-11,5521.8,190,Ropa,Sur,False,
2021-08-12,5593.93,192,Ropa,Centro,False,
2021-08-13,5465.36,188,Electrónicos,Oeste,False,
2021-08-14,6841.1,235,Electrónicos,Este,False,
2021-08-15,7937.4,273,Ropa,Oeste,False,
2021-08-16,5392.8,186,Alimentos,Este,False,
2021-08-17,5961.68,205,Electrónicos,Norte,False,
2021-08-18,5422.23,187,Alimentos,Oeste,False,
2021-08-19,5753.85,198,Hogar,Este,True,
2021-08-20,5283.42,182,Hogar,Sur,False,
2021-08-21,8021.33,276,Alimentos,Oeste,False,
2021-08-22,6976.26,240,Ropa,Norte,False,
2021-08-23,5401.27,186,Alimentos,Centro,False,
2021-08-24,5317.43,183,Electrónicos,Oeste,True,
2021-08-25,5172.67,178,Hogar,Sur,False,
2021-08-26,5602.47,193,Electrónicos,Este,False,
2021-08-27,5805.33,200,Hogar,Este,False,
2021-08-28,6955.01,239,Ropa,Centro,False,
2021-08-29,7632.64,263,Electrónicos,Sur,False,
2021-08-30,5802.86,200,Hogar,Oeste,True,
2021-08-31,6218.07,214,Electrónicos,Sur,False,
2021-09-01,5257.76,181,Hogar,Oeste,True,
2021-09-02,5787.98,199,Ropa,Sur,False,
2021-09-03,5762.32,198,Alimentos,Centro,False,
2021-09-04,6846.98,236,Alimentos,Norte,False,
2021-09-05,8095.32,279,Ropa,Centro,False,
2021-09-06,5382.6,185,Hogar,Este,True,
2021-09-07,5142.01,177,Alimentos,Este,False,
2021-09-08,5626.78,194,Electrónicos,Sur,False,
2021-09-09,5168.39,178,Hogar,Centro,False,
2021-09-10,5995.29,206,Electrónicos,Norte,False,
2021-09-11,7307.88,252,Electrónicos,Centro,False,
2021-09-12,7492.16,258,Ropa,Sur,False,
2021-09-13,5737.79,197,Hogar,Centro,False,
2021-09-14,5651.58,194,Electrónicos,Oeste,False,
2021-09-15,5243.45,180,Ropa,Este,False,
2021-09-16,5582.46,192,Deportes,Norte,False,
2021-09-17,5686.26,196,Deportes,Oeste,False,
2021-09-18,6959.8,240,Hogar,Sur,False,
2021-09-19,6696.14,230,Ropa,Centro,False,
2021-09-20,5758.76,198,Electrónicos,Norte,False,
2021-09-21,6084.34,209,Ropa,Este,False,
2021-09-22,5819.78,200,Deportes,Sur,False,
2021-09-23,5445.23,187,Hogar,Este,False,
2021-09-24,5166.86,178,Hogar,Centro,False,
2021-09-25,6675.82,230,Deportes,Centro,False,
2021-09-26,7274.31,250,Ropa,Oeste,False,
2021-09-27,6035.44,208,Ropa,Oeste,True,
2021-09-28,5556.97,191,Ropa,Este,True,
2021-09-29,6061.76,209,Deportes,Este,False,
2021-09-30,5533.34,190,Deportes,Centro,True,
2021-10-01,5629.15,194,Hogar,Este,True,
2021-10-02,8069.05,278,Deportes,Este,False,
2021-10-03,7823.6,269,Alimentos,Centro,False,
2021-10-04,5929.91,204,Electrónicos,Oeste,False,
2021-10-05,6040.82,208,Hogar,Norte,False,
2021-10-06,6128.66,211,Alimentos,Oeste,True,
2021-10-07,5821.3,200,Electrónicos,Sur,False,
2021-10-08,5302.69,182,Electrónicos,Centro,True,
2021-10-09,6970.59,240,Alimentos,Este,False,
2021-10-10,7348.24,253,Alimentos,Centro,True,
2021-10-11,5980.75,206,Hogar,Norte,True,
2021-10-12,6173.29,212,Electrónicos,Este,False,
2021-10-13,5280.69,182,Deportes,Este,False,
2021-10-14,5990.29,206,Ropa,Centro,False,
2021-10-15,5635.93,194,Electrónicos,Centro,False,
2021-10-16,7753.74,267,Hogar,Este,False,
2021-10-17,8053.75,277,Electrónicos,Oeste,False,
2021-10-18,5862.99,202,Hogar,Centro,False,
2021-10-19,5223.76,180,Hogar,Norte,False,
2021-10-20,5792.83,199,Deportes,Sur,False,
2021-10-21,5383.2,185,Alimentos,Norte,False,
2021-10-22,5780.47,199,Ropa,Este,False,
2021-10-23,7686.66,265,Deportes,Norte,False,
2021-10-24,7808.83,269,Electrónicos,Oeste,False,
2021-10-25,5153.93,177,Electrónicos,Norte,True,
2021-10-26,5864.32,202,Ropa,Oeste,False,
2021-10-27,5512.39,190,Alimentos,Norte,False,
2021-10-28,5746.33,198,Electrónicos,Norte,False,
2021-10-29,5981.11,206,Ropa,Sur,True,
2021-10-30,7614.25,262,Hogar,Sur,False,
2021-10-31,8153.91,281,Deportes,Oeste,False,
2021-11-01,8464.3,291,Hogar,Sur,False,
2021-11-02,8329.52,287,Alimentos,Este,False,
2021-11-03,7760.45,267,Alimentos,Este,False,
2021-11-04,9111.25,314,Ropa,Centro,False,
2021-11-05,9360.9,322,Hogar,Norte,False,
2021-11-06,10893.93,375,Electrónicos,Oeste,True,
2021-11-07,12206.13,421,Alimentos,Norte,False,
2021-11-08,9043.89,311,Ropa,Oeste,False,
2021-11-09,8789.65,303,Deportes,Oeste,False,
2021-11-10,9477.53,326,Ropa,Centro,True,
2021-11-11,8578.68,295,Electrónicos,Sur,True,
2021-11-12,8071.0,278,Deportes,Centro,True,
2021-11-13,11120.12,383,Hogar,Norte,False,
2021-11-14,10157.01,350,Hogar,Este,False,
2021-11-15,8459.37,291,Electrónicos,Oeste,False,
2021-11-16,9248.59,319,Hogar,Este,True,
2021-11-17,8221.88,283,Electrónicos,Centro,False,
2021-11-18,9395.59,324,Alimentos,Oeste,False,
2021-11-19,9384.49,323,Deportes,Este,True,
2021-11-20,11750.12,405,Alimentos,Centro,False,
2021-11-21,11414.37,393,Hogar,Sur,False,
2021-11-22,8183.58,282,Ropa,Centro,False,
2021-11-23,8207.17,283,Ropa,Este,False,
2021-11-24,9037.37,311,Ropa,Norte,True,
2021-11-25,9160.62,316,Electrónicos,Centro,False,
2021-11-26,8895.31,306,Ropa,Sur,True,
2021-11-27,10644.03,367,Ropa,Oeste,False,
2021-11-28,11015.93,380,Alimentos,Norte,False,
2021-11-29,8472.39,292,Deportes,Este,False,
2021-11-30,9067.64,312,Electrónicos,Sur,False,
2021-12-01,8979.4,309,Ropa,Sur,False,
2021-12-02,8680.51,299,Electrónicos,Norte,False,
2021-12-03,7985.71,275,Alimentos,Oeste,False,
2021-12-04,10930.34,377,Hogar,Este,False,
2021-12-05,11079.81,382,Ropa,Oeste,False,
2021-12-06,8884.78,306,Electrónicos,Norte,False,
2021-12-07,8932.94,308,Deportes,Este,False,
2021-12-08,7965.82,274,Hogar,Oeste,False,
2021-12-09,9383.54,323,Alimentos,Centro,True,
2021-12-10,8854.11,305,Electrónicos,Norte,False,
2021-12-11,11829.78,408,Hogar,Centro,True,
2021-12-12,11225.86,387,Alimentos,Centro,False,
2021-12-13,8967.67,309,Electrónicos,Centro,False,
2021-12-14,8425.72,290,Ropa,Este,False,
2021-12-15,8746.42,301,Ropa,Oeste,True,
2021-12-16,8588.28,296,Deportes,Norte,False,
2021-12-17,9333.86,321,Electrónicos,Centro,False,
2021-12-18,10502.27,362,Deportes,Norte,False,
2021-12-19,11880.15,409,Alimentos,Sur,False,
2021-12-20,9308.66,321,Hogar,Oeste,False,
2021-12-21,9512.18,328,Ropa,Sur,False,
2021-12-22,9340.58,322,Ropa,Oeste,False,
2021-12-23,8414.42,290,Hogar,Sur,False,
2021-12-24,7963.56,274,Electrónicos,Sur,False,
2021-12-25,12349.91,426,Deportes,Centro,False,Navidad
2021-12-26,10332.29,356,Hogar,Centro,False,
2021-12-27,8299.44,286,Ropa,Sur,False,
2021-12-28,7948.01,274,Ropa,Sur,False,
2021-12-29,8097.91,279,Hogar,Centro,False,
2021-12-30,9410.37,324,Electrónicos,Oeste,False,
2021-12-31,8084.55,278,Electrónicos,Centro,False,
2022-01-01,6235.45,215,Ropa,Oeste,False,
2022-01-02,6211.02,214,Deportes,Norte,True,
2022-01-03,4489.01,154,Ropa,Este,True,
2022-01-04,4932.84,170,Electrónicos,Oeste,False,
2022-01-05,4537.64,156,Ropa,Sur,False,
2022-01-06,4197.78,144,Alimentos,Norte,False,
2022-01-07,4621.08,159,Alimentos,Oeste,False,
2022-01-08,5561.24,191,Hogar,Centro,True,
2022-01-09,6547.23,225,Deportes,Oeste,False,
2022-01-10,4368.93,150,Hogar,Oeste,True,
2022-01-11,4217.11,145,Alimentos,Este,False,
2022-01-12,4755.86,164,Electrónicos,Centro,False,
2022-01-13,4729.17,163,Hogar,Oeste,False,
2022-01-14,4779.6,164,Electrónicos,Norte,False,
2022-01-15,5498.94,189,Hogar,Este,False,
2022-01-16,5859.08,202,Electrónicos,Este,True,
2022-01-17,5100.12,175,Deportes,Sur,False,
2022-01-18,4510.75,155,Deportes,Sur,False,
2022-01-19,4996.46,172,Deportes,Norte,True,
2022-01-20,4683.17,161,Ropa,Centro,True,
2022-01-21,4993.65,172,Alimentos,Oeste,False,
2022-01-22,5744.26,198,Hogar,Norte,False,
2022-01-23,6088.39,210,Electrónicos,Sur,False,
2022-01-24,4518.42,155,Ropa,Oeste,False,
2022-01-25,4628.79,159,Ropa,Centro,False,
2022-01-26,4700.07,162,Ropa,Oeste,False,
2022-01-27,5073.4,175,Deportes,Centro,False,
2022-01-28,4333.37,149,Electrónicos,Norte,False,
2022-01-29,6146.82,212,Hogar,Norte,True,
2022-01-30,6281.28,216,Ropa,Sur,False,
2022-01-31,4791.87,165,Electrónicos,Norte,False,
2022-02-01,4661.8,160,Electrónicos,Centro,True,
2022-02-02,4393.92,151,Ropa,Centro,True,
2022-02-03,4764.05,164,Alimentos,Oeste,False,
2022-02-04,5038.31,173,Deportes,Norte,False,
2022-02-05,6612.74,228,Alimentos,Sur,False,
2022-02-06,6499.18,224,Electrónicos,Oeste,False,
2022-02-07,4307.75,148,Hogar,Oeste,False,
2022-02-08,4853.36,167,Electrónicos,Centro,False,
2022-02-09,4770.37,164,Deportes,Oeste,True,
2022-02-10,4780.83,164,Electrónicos,Sur,False,
2022-02-11,4761.61,164,Hogar,Norte,False,
2022-02-12,5644.25,194,Alimentos,Oeste,False,
2022-02-13,5757.4,198,Ropa,Sur,False,
2022-02-14,4896.33,168,Electrónicos,Norte,True,
2022-02-15,4413.64,152,Hogar,Norte,False,
2022-02-16,4539.23,156,Deportes,Sur,False,
2022-02-17,5051.88,174,Alimentos,Norte,True,
2022-02-18,4560.87,157,Electrónicos,Norte,True,
2022-02-19,5703.89,196,Hogar,Sur,True,
2022-02-20,5735.12,197,Hogar,Este,False,
2022-02-21,4805.71,165,Hogar,Este,False,
2022-02-22,4444.65,153,Hogar,Centro,False,
2022-02-23,4548.74,156,Electrónicos,Norte,False,
2022-02-24,4661.54,160,Deportes,Este,False,
2022-02-25,4777.68,164,Deportes,Este,True,
2022-02-26,6025.21,207,Hogar,Este,False,
2022-02-27,5598.38,193,Hogar,Sur,True,
2022-02-28,4250.47,146,Alimentos,Oeste,False,
2022-03-01,6379.13,220,Alimentos,Norte,False,
2022-03-02,6013.05,207,Hogar,Oeste,False,
2022-03-03,6268.02,216,Alimentos,Oeste,False,
2022-03-04,5349.68,184,Deportes,Centro,False,
2022-03-05,8041.94,277,Deportes,Oeste,False,
2022-03-06,7756.8,267,Alimentos,Centro,False,
2022-03-07,5700.72,196,Hogar,Este,False,
2022-03-08,6240.62,215,Ropa,Centro,False,
2022-03-09,5895.02,203,Alimentos,Oeste,True,
2022-03-10,5976.39,206,Ropa,Este,False,
2022-03-11,6277.53,216,Deportes,Este,False,
2022-03-12,7329.98,252,Ropa,Norte,False,
2022-03-13,7132.37,246,Hogar,Centro,True,
2022-03-14,5800.3,200,Hogar,Centro,False,
2022-03-15,5401.54,186,Ropa,Centro,False,
2022-03-16,6041.21,208,Deportes,Sur,False,
2022-03-17,5873.74,202,Electrónicos,Centro,False,
2022-03-18,6340.74,218,Ropa,Norte,False,
2022-03-19,7589.41,261,Alimentos,Oeste,False,
2022-03-20,7381.65,254,Electrónicos,Este,False,
2022-03-21,6184.59,213,Deportes,Oeste,False,
2022-03-22,5489.54,189,Deportes,Sur,False,
2022-03-23,6471.33,223,Alimentos,Este,False,
2022-03-24,5923.03,204,Alimentos,Sur,False,
2022-03-25,6231.83,214,Deportes,Centro,False,
2022-03-26,6965.51,240,Ropa,Este,False,
2022-03-27,7577.16,261,Alimentos,Sur,False,
2022-03-28,6320.85,218,Hogar,Sur,False,
2022-03-29,6392.23,220,Alimentos,Norte,False,
2022-03-30,5595.73,193,Alimentos,Centro,False,
2022-03-31,6285.84,216,Ropa,Norte,False,
2022-04-01,5386.32,185,Deportes,Este,False,
2022-04-02,8222.22,283,Hogar,Sur,False,
2022-04-03,7623.51,262,Electrónicos,Centro,False,
2022-04-04,6467.55,223,Ropa,Oeste,True,
2022-04-05,5978.53,206,Hogar,Norte,True,
2022-04-06,5830.12,201,Electrónicos,Centro,True,
2022-04-07,5396.86,186,Alimentos,Norte,False,
2022-04-08,5810.17,200,Hogar,Este,False,
2022-04-09,8421.45,290,Ropa,Este,False,
2022-04-10,7055.51,243,Deportes,Norte,False,
2022-04-11,6097.67,210,Deportes,Norte,False,
2022-04-12,5646.72,194,Ropa,Norte,False,
2022-04-13,6239.16,215,Deportes,Sur,False,
2022-04-14,6298.89,217,Ropa,Sur,False,
2022-04-15,5889.6,203,Deportes,Este,False,
2022-04-16,7989.44,275,Hogar,Centro,False,
2022-04-17,7505.95,258,Hogar,Este,False,
2022-04-18,5587.63,192,Ropa,Centro,False,
2022-04-19,6315.66,217,Alimentos,Sur,False,
2022-04-20,5370.4,185,Electrónicos,Sur,False,
2022-04-21,5916.71,204,Deportes,Centro,False,
2022-04-22,5953.52,205,Electrónicos,Oeste,False,
2022-04-23,7534.11,259,Deportes,Norte,False,
2022-04-24,8065.82,278,Hogar,Centro,False,
2022-04-25,5632.39,194,Deportes,Centro,False,
2022-04-26,5821.05,200,Ropa,Sur,False,
2022-04-27,5460.25,188,Hogar,Oeste,True,
2022-04-28,5764.76,198,Ropa,Sur,False,
2022-04-29,5603.82,193,Electrónicos,Este,False,
2022-04-30,8237.84,284,Alimentos,Este,False,
2022-05-01,7870.42,271,Ropa,Norte,False,
2022-05-02,5351.93,184,Ropa,Centro,False,
2022-05-03,5749.6,198,Alimentos,Centro,False,
2022-05-04,6101.77,210,Alimentos,Centro,False,
2022-05-05,5513.47,190,Electrónicos,Oeste,False,
2022-05-06,6470.39,223,Deportes,Oeste,True,
2022-05-07,7074.98,244,Alimentos,Oeste,False,
2022-05-08,7129.14,245,Electrónicos,Centro,True,
2022-05-09,6113.12,210,Deportes,Oeste,False,
2022-05-10,5647.22,194,Ropa,Este,False,
2022-05-11,6287.87,216,Hogar,Sur,False,
2022-05-12,6309.89,217,Electrónicos,Este,False,
2022-05-13,5354.37,184,Deportes,Oeste,True,
2022-05-14,8301.12,286,Ropa,Este,False,
2022-05-15,8167.7,281,Electrónicos,Centro,False,
2022-05-16,5963.32,205,Deportes,Norte,False,
2022-05-17,6493.11,223,Hogar,Sur,False,
2022-05-18,5695.65,196,Alimentos,Centro,False,
2022-05-19,5524.32,190,Alimentos,Centro,False,
2022-05-20,5898.16,203,Ropa,Oeste,False,
2022-05-21,7727.93,266,Electrónicos,Este,False,
2022-05-22,8199.12,282,Hogar,Oeste,False,
2022-05-23,5527.89,190,Electrónicos,Norte,True,
2022-05-24,5849.39,201,Deportes,Oeste,False,
2022-05-25,5917.18,204,Deportes,Sur,False,
2022-05-26,6173.09,212,Alimentos,Norte,True,
2022-05-27,5614.06,193,Alimentos,Oeste,True,
2022-05-28,7447.63,256,Deportes,Sur,False,
2022-05-29,7552.03,260,Hogar,Centro,False,
2022-05-30,6463.38,222,Deportes,Centro,False,
2022-05-31,5890.67,203,Hogar,Este,False,
2022-06-01,5741.62,198,Ropa,Centro,False,
2022-06-02,5853.65,201,Hogar,Norte,True,
2022-06-03,6438.05,222,Ropa,Centro,False,
2022-06-04,7570.24,261,Deportes,Norte,False,
2022-06-05,7698.57,265,Electrónicos,Este,True,
2022-06-06,6374.93,219,Alimentos,Oeste,False,
2022-06-07,6086.17,209,Electrónicos,Sur,False,
2022-06-08,5552.72,191,Deportes,Este,True,
2022-06-09,5457.55,188,Alimentos,Norte,False,
2022-06-10,5600.19,193,Hogar,Sur,False,
2022-06-11,7904.53,272,Deportes,Norte,False,
2022-06-12,8006.1,276,Ropa,Centro,False,
2022-06-13,6008.49,207,Deportes,Norte,False,
2022-06-14,5549.85,191,Ropa,Norte,False,
2022-06-15,6184.86,213,Hogar,Centro,False,
2022-06-16,6007.0,207,Hogar,Centro,False,
2022-06-17,6110.19,210,Hogar,Sur,False,
2022-06-18,7958.57,274,Alimentos,Este,False,
2022-06-19,7291.51,251,Hogar,Sur,False,
2022-06-20,6448.09,222,Electrónicos,Sur,False,
2022-06-21,6563.54,226,Electrónicos,Oeste,False,
2022-06-22,6207.84,214,Electrónicos,Norte,False,
2022-06-23,5493.78,189,Ropa,Oeste,False,
2022-06-24,6205.7,214,Ropa,Este,False,
2022-06-25,8376.07,288,Deportes,Oeste,False,
2022-06-26,8324.7,287,Ropa,Sur,True,
2022-06-27,6123.1,211,Hogar,Oeste,False,
2022-06-28,5735.83,197,Ropa,Norte,False,
2022-06-29,5721.03,197,Ropa,Norte,True,
2022-06-30,6327.83,218,Electrónicos,Sur,True,
2022-07-01,5691.84,196,Deportes,Este,False,
2022-07-02,7933.45,273,Deportes,Este,False,
2022-07-03,8560.46,295,Ropa,Centro,False,
2022-07-04,6269.3,216,Ropa,Oeste,False,
2022-07-05,5620.35,193,Deportes,Este,False,
2022-07-06,5499.39,189,Alimentos,Centro,False,
2022-07-07,5789.52,199,Alimentos,Norte,True,
2022-07-08,5687.34,196,Hogar,Norte,False,
2022-07-09,7890.96,272,Alimentos,Este,False,
2022-07-10,7918.47,273,Alimentos,Oeste,False,
2022-07-11,5705.21,196,Alimentos,Este,False,
2022-07-12,5483.57,189,Hogar,Sur,False,
2022-07-13,5964.32,205,Electrónicos,Sur,True,
2022-07-14,5513.75,190,Electrónicos,Oeste,False,
2022-07-15,5983.79,206,Alimentos,Sur,True,Día de la Independencia
2022-07-16,8199.15,282,Ropa,Este,False,
2022-07-17,7305.54,252,Ropa,Oeste,False,
2022-07-18,6459.88,222,Alimentos,Norte,True,
2022-07-19,6256.76,215,Electrónicos,Este,False,
2022-07-20,5549.29,191,Alimentos,Sur,False,
2022-07-21,6497.84,224,Electrónicos,Este,False,
2022-07-22,6317.27,217,Ropa,Este,False,
2022-07-23,7396.63,255,Ropa,Oeste,False,
2022-07-24,7647.21,263,Deportes,Este,False,
2022-07-25,6327.74,218,Ropa,Oeste,False,
2022-07-26,5608.8,193,Hogar,Norte,False,
2022-07-27,5840.48,201,Ropa,Este,False,
2022-07-28,5938.28,204,Alimentos,Este,False,
2022-07-29,5481.72,189,Electrónicos,Sur,False,
2022-07-30,8496.49,293,Alimentos,Norte,False,
2022-07-31,7480.54,258,Hogar,Norte,False,
2022-08-01,6436.64,222,Alimentos,Centro,False,
2022-08-02,6418.85,221,Electrónicos,Sur,False,
2022-08-03,6575.08,226,Ropa,Sur,False,
2022-08-04,5568.0,192,Deportes,Oeste,False,
2022-08-05,6348.66,219,Electrónicos,Oeste,False,
2022-08-06,7269.09,250,Electrónicos,Este,True,
2022-08-07,8403.83,289,Hogar,Sur,False,
2022-08-08,5492.64,189,Hogar,Este,False,
2022-08-09,5905.47,203,Deportes,Sur,False,
2022-08-10,5559.99,191,Alimentos,Sur,False,
2022-08-11,6620.09,228,Deportes,Sur,False,
2022-08-12,5506.01,189,Ropa,Norte,False,
2022-08-13,8369.06,288,Deportes,Sur,False,
2022-08-14,8584.1,296,Electrónicos,Centro,False,
2022-08-15,5473.13,188,Ropa,Sur,True,
2022-08-16,5935.0,204,Hogar,Oeste,False,
2022-08-17,6627.51,228,Hogar,Este,False,
2022-08-18,5943.71,205,Deportes,Oeste,False,
2022-08-19,5839.58,201,Ropa,Este,False,
2022-08-20,8277.69,285,Deportes,Norte,False,
2022-08-21,7176.16,247,Alimentos,Sur,True,
2022-08-22,5621.91,193,Electrónicos,Norte,False,
2022-08-23,6193.49,213,Hogar,Este,False,
2022-08-24,5613.76,193,Electrónicos,Oeste,False,
2022-08-25,6611.1,228,Ropa,Este,False,
2022-08-26,5737.16,197,Deportes,Centro,False,
2022-08-27,7809.95,269,Hogar,Centro,False,
2022-08-28,8187.86,282,Deportes,Este,False,
2022-08-29,6456.06,222,Deportes,Sur,False,
2022-08-30,5501.41,189,Hogar,Oeste,False,
2022-08-31,5692.4,196,Ropa,Oeste,True,
2022-09-01,5894.55,203,Alimentos,Sur,True,
2022-09-02,6182.14,213,Hogar,Sur,True,
2022-09-03,7540.11,260,Ropa,Norte,False,
2022-09-04,7656.46,264,Electrónicos,Norte,False,
2022-09-05,6413.5,221,Alimentos,Sur,False,
2022-09-06,6015.59,207,Ropa,Este,True,
2022-09-07,6226.91,214,Deportes,Centro,False,
2022-09-08,6600.78,227,Deportes,Centro,False,
2022-09-09,6640.45,229,Hogar,Oeste,False,
2022-09-10,7713.32,266,Deportes,Sur,True,
2022-09-11,7921.53,273,Deportes,Oeste,True,
2022-09-12,6231.36,214,Hogar,Sur,False,
2022-09-13,6049.38,208,Deportes,Este,False,
2022-09-14,5532.01,190,Electrónicos,Oeste,False,
2022-09-15,6682.36,230,Deportes,Oeste,False,
2022-09-16,6141.93,211,Hogar,Sur,False,
2022-09-17,7692.78,265,Alimentos,Sur,False,
2022-09-18,7562.4,260,Deportes,Sur,True,
2022-09-19,6386.64,220,Electrónicos,Centro,True,
2022-09-20,5622.67,193,Hogar,Sur,False,
2022-09-21,6273.27,216,Hogar,Norte,False,
2022-09-22,6525.95,225,Deportes,Oeste,False,
2022-09-23,6200.7,213,Electrónicos,Este,False,
2022-09-24,8528.95,294,Alimentos,Centro,False,
2022-09-25,8496.15,293,Alimentos,Norte,True,
2022-09-26,6207.77,214,Deportes,Oeste,False,
2022-09-27,5500.08,189,Electrónicos,Este,False,
2022-09-28,6280.7,216,Electrónicos,Norte,False,
2022-09-29,5784.01,199,Ropa,Centro,False,
2022-09-30,6015.69,207,Electrónicos,Sur,False,
2022-10-01,7997.19,275,Deportes,Este,False,
2022-10-02,7864.48,271,Alimentos,Norte,False,
2022-10-03,6522.76,225,Deportes,Centro,True,
2022-10-04,5592.21,192,Hogar,Oeste,True,
2022-10-05,5805.88,200,Alimentos,Oeste,False,
2022-10-06,5496.99,189,Hogar,Centro,False,
2022-10-07,6670.39,230,Alimentos,Sur,False,
2022-10-08,7306.8,252,Electrónicos,Norte,False,
2022-10-09,7896.89,272,Alimentos,Sur,False,
2022-10-10,5538.75,191,Deportes,Centro,False,
2022-10-11,6625.99,228,Electrónicos,Centro,False,
2022-10-12,6499.27,224,Deportes,Centro,False,
2022-10-13,6528.61,225,Alimentos,Oeste,True,
2022-10-14,5978.64,206,Deportes,Este,True,
2022-10-15,8015.29,276,Alimentos,Sur,False,
2022-10-16,8665.16,298,Deportes,Norte,False,
2022-10-17,6187.06,213,Electrónicos,Sur,False,
2022-10-18,6444.87,222,Ropa,Sur,False,
2022-10-19,5583.59,192,Deportes,Sur,True,
2022-10-20,6395.63,220,Alimentos,Sur,True,
2022-10-21,5933.07,204,Hogar,Centro,True,
2022-10-22,8371.9,288,Electrónicos,Norte,True,
2022-10-23,8223.54,283,Electrónicos,Centro,False,
2022-10-24,5685.34,196,Ropa,Oeste,False,
2022-10-25,5855.92,202,Hogar,Norte,False,
2022-10-26,6196.66,213,Electrónicos,Oeste,False,
2022-10-27,6352.86,219,Electrónicos,Centro,False,
2022-10-28,6554.59,226,Deportes,Oeste,True,
2022-10-29,7489.78,258,Alimentos,Oeste,False,
2022-10-30,7703.23,265,Hogar,Sur,False,
2022-10-31,5661.16,195,Hogar,Centro,False,
2022-11-01,8823.17,304,Electrónicos,Este,False,
2022-11-02,8764.03,302,Electrónicos,Sur,False,
2022-11-03,9212.96,317,Hogar,Sur,False,
2022-11-04,9089.26,313,Alimentos,Centro,True,
2022-11-05,11023.71,380,Ropa,Oeste,False,
2022-11-06,10825.13,373,Deportes,Este,True,
2022-11-07,8490.94,292,Hogar,Norte,False,
2022-11-08,9620.0,331,Electrónicos,Norte,False,
2022-11-09,8637.63,297,Deportes,Oeste,True,
2022-11-10,9458.89,326,Electrónicos,Oeste,False,
2022-11-11,8520.49,293,Ropa,Oeste,False,
2022-11-12,11074.99,382,Deportes,Sur,False,
2022-11-13,12639.07,435,Hogar,Oeste,True,
2022-11-14,8319.11,286,Electrónicos,Este,True,
2022-11-15,8514.54,293,Hogar,Este,False,
2022-11-16,9014.98,310,Deportes,Norte,False,
2022-11-17,8897.9,306,Alimentos,Este,False,
2022-11-18,8663.67,298,Hogar,Este,False,
2022-11-19,13173.7,454,Ropa,Oeste,False,
2022-11-20,11330.3,390,Alimentos,Centro,False,
2022-11-21,9090.52,313,Deportes,Norte,False,
2022-11-22,9837.73,339,Ropa,Oeste,False,
2022-11-23,9064.5,312,Ropa,Sur,False,
2022-11-24,8738.04,301,Ropa,Sur,False,
2022-11-25,9367.6,323,Alimentos,Norte,False,
2022-11-26,12634.08,435,Ropa,Centro,False,
2022-11-27,11545.24,398,Electrónicos,Este,False,
2022-11-28,8939.38,308,Alimentos,Sur,False,
2022-11-29,8695.43,299,Hogar,Sur,False,
2022-11-30,8413.04,290,Electrónicos,Oeste,False,
2022-12-01,9509.17,328,Electrónicos,Sur,False,
2022-12-02,10053.38,346,Alimentos,Norte,False,
2022-12-03,10827.68,373,Deportes,Sur,False,
2022-12-04,12881.9,444,Electrónicos,Sur,True,
2022-12-05,8993.62,310,Deportes,Sur,False,
2022-12-06,8448.99,291,Deportes,Oeste,False,
2022-12-07,8809.93,303,Deportes,Oeste,False,
2022-12-08,9698.45,334,Ropa,Este,True,
2022-12-09,10119.44,349,Alimentos,Sur,False,
2022-12-10,11809.66,407,Deportes,Centro,False,
2022-12-11,11801.13,407,Hogar,Este,True,
2022-12-12,10141.71,349,Hogar,Centro,False,
2022-12-13,8871.84,306,Hogar,Sur,False,
2022-12-14,9012.62,310,Hogar,Sur,False,
2022-12-15,8725.9,301,Deportes,Sur,False,
2022-12-16,9622.31,331,Alimentos,Este,True,
2022-12-17,11747.58,405,Hogar,Este,False,
2022-12-18,11391.1,392,Deportes,Centro,False,
2022-12-19,8595.22,296,Ropa,Oeste,False,
2022-12-20,8474.74,292,Hogar,Este,True,
2022-12-21,8808.5,303,Hogar,Sur,False,
2022-12-22,10024.76,345,Alimentos,Este,False,
2022-12-23,9970.07,343,Deportes,Este,False,
2022-12-24,12646.23,436,Deportes,Sur,False,
2022-12-25,12122.09,418,Hogar,Norte,False,Navidad
2022-12-26,9526.98,328,Hogar,Norte,False,
2022-12-27,9034.04,311,Electrónicos,Este,True,
2022-12-28,9507.55,327,Deportes,Centro,False,
2022-12-29,8918.62,307,Ropa,Oeste,False,
2022-12-30,9962.0,343,Ropa,Sur,False,
2022-12-31,13286.03,458,Alimentos,Este,False,
2023-01-01,7026.9,242,Electrónicos,Centro,False,
2023-01-02,5123.07,176,Deportes,Centro,True,
2023-01-03,4795.41,165,Hogar,Centro,True,
2023-01-04,4824.44,166,Electrónicos,Este,False,
2023-01-05,5384.52,185,Hogar,Norte,False,
2023-01-06,5253.77,181,Deportes,Centro,False,
2023-01-07,6159.31,212,Deportes,Sur,False,
2023-01-08,6224.56,214,Deportes,Este,False,
2023-01-09,4594.24,158,Electrónicos,Oeste,False,
2023-01-10,4606.65,158,Deportes,Este,False,
2023-01-11,4577.76,157,Deportes,Este,False,
2023-01-12,5128.49,176,Ropa,Este,False,
2023-01-13,4613.49,159,Electrónicos,Sur,False,
2023-01-14,6348.1,218,Hogar,Este,True,
2023-01-15,6258.09,215,Ropa,Oeste,False,
2023-01-16,4748.64,163,Alimentos,Centro,False,
2023-01-17,4991.2,172,Hogar,Centro,False,
2023-01-18,4694.86,161,Hogar,Oeste,True,
2023-01-19,5192.76,179,Deportes,Sur,False,
2023-01-20,5079.61,175,Alimentos,Oeste,False,
2023-01-21,6823.15,235,Electrónicos,Este,False,
2023-01-22,7012.94,241,Ropa,Este,False,
2023-01-23,5124.7,176,Hogar,Norte,False,
2023-01-24,5246.53,180,Hogar,Norte,False,
2023-01-25,5237.65,180,Hogar,Sur,False,
2023-01-26,4628.64,159,Ropa,Oeste,False,
2023-01-27,5462.13,188,Hogar,Sur,False,
2023-01-28,6755.28,233,Ropa,Sur,False,
2023-01-29,6400.52,220,Hogar,Sur,True,
2023-01-30,4826.65,166,Electrónicos,Norte,False,
2023-01-31,4711.69,162,Hogar,Oeste,False,
2023-02-01,4542.65,156,Ropa,Este,False,
2023-02-02,4678.81,161,Alimentos,Este,False,
2023-02-03,4867.36,167,Ropa,Sur,True,
2023-02-04,6092.7,210,Hogar,Norte,False,
2023-02-05,6313.99,217,Deportes,Sur,True,
2023-02-06,5004.68,172,Ropa,Norte,False,
2023-02-07,4990.35,172,Ropa,Este,True,
2023-02-08,5404.22,186,Electrónicos,Oeste,False,
2023-02-09,5319.98,183,Deportes,Oeste,False,
2023-02-10,4550.63,156,Deportes,Sur,False,
2023-02-11,6559.95,226,Deportes,Norte,False,
2023-02-12,7041.14,242,Electrónicos,Este,True,
2023-02-13,4703.48,162,Hogar,Oeste,False,
2023-02-14,4987.48,172,Deportes,Sur,True,
2023-02-15,5248.63,181,Hogar,Sur,True,
2023-02-16,5476.38,188,Hogar,Norte,False,
2023-02-17,5461.73,188,Hogar,Centro,False,
2023-02-18,6041.75,208,Electrónicos,Este,False,
2023-02-19,6029.16,207,Hogar,Sur,False,
2023-02-20,4601.96,158,Ropa,Sur,False,
2023-02-21,5377.61,185,Alimentos,Sur,True,
2023-02-22,5104.64,176,Alimentos,Sur,False,
2023-02-23,4729.68,163,Ropa,Norte,False,
2023-02-24,5061.33,174,Deportes,Norte,False,
2023-02-25,6461.25,222,Alimentos,Oeste,True,
2023-02-26,6539.69,225,Hogar,Este,True,
2023-02-27,5429.27,187,Alimentos,Oeste,True,
2023-02-28,5354.62,184,Deportes,Centro,False,
2023-03-01,6568.78,226,Ropa,Sur,False,
2023-03-02,6666.25,229,Ropa,Oeste,False,
2023-03-03,5760.46,198,Electrónicos,Norte,False,
2023-03-04,7373.46,254,Electrónicos,Sur,False,
2023-03-05,8727.09,301,Electrónicos,Este,False,
2023-03-06,6321.45,218,Electrónicos,Norte,True,
2023-03-07,5673.62,195,Deportes,Este,False,
2023-03-08,5906.69,203,Deportes,Este,False,
2023-03-09,5854.61,201,Hogar,Este,True,
2023-03-10,5711.42,197,Alimentos,Oeste,True,
2023-03-11,8064.27,278,Ropa,Sur,False,
2023-03-12,8115.51,279,Electrónicos,Sur,True,
2023-03-13,5830.54,201,Hogar,Este,False,
2023-03-14,6665.51,229,Electrónicos,Sur,True,
2023-03-15,6570.56,226,Deportes,Este,False,
2023-03-16,6251.44,215,Ropa,Centro,False,
2023-03-17,6647.97,229,Alimentos,Norte,True,
2023-03-18,8655.93,298,Deportes,Oeste,False,
2023-03-19,8862.78,305,Alimentos,Centro,False,
2023-03-20,6210.04,214,Ropa,Sur,False,
2023-03-21,5995.51,206,Ropa,Oeste,False,
2023-03-22,5801.99,200,Electrónicos,Oeste,False,
2023-03-23,6147.54,212,Ropa,Sur,False,
2023-03-24,6411.78,221,Deportes,Norte,False,
2023-03-25,7690.88,265,Electrónicos,Centro,False,
2023-03-26,7907.03,272,Hogar,Centro,True,
2023-03-27,6325.3,218,Deportes,Oeste,False,
2023-03-28,6552.97,226,Electrónicos,Sur,False,
2023-03-29,5817.06,200,Hogar,Centro,False,
2023-03-30,6662.25,229,Alimentos,Sur,True,
2023-03-31,5935.77,204,Electrónicos,Oeste,False,
2023-04-01,7773.96,268,Alimentos,Oeste,True,
2023-04-02,8670.43,299,Electrónicos,Este,False,
2023-04-03,6290.64,217,Electrónicos,Sur,False,
2023-04-04,6108.27,210,Deportes,Este,False,
2023-04-05,6465.64,223,Hogar,Centro,False,
2023-04-06,6352.78,219,Hogar,Sur,False,
2023-04-07,5863.68,202,Hogar,Sur,False,
2023-04-08,8718.34,300,Hogar,Este,False,
2023-04-09,7732.96,266,Electrónicos,Oeste,False,
2023-04-10,5971.67,205,Ropa,Oeste,False,
2023-04-11,6403.21,220,Deportes,Norte,False,
2023-04-12,6290.17,216,Deportes,Centro,False,
2023-04-13,6321.28,218,Electrónicos,Este,False,
2023-04-14,6786.19,234,Ropa,Sur,False,
2023-04-15,7992.59,275,Alimentos,Sur,False,
2023-04-16,7590.96,261,Alimentos,Centro,False,
2023-04-17,6518.23,224,Ropa,Oeste,False,
2023-04-18,6454.43,222,Ropa,Norte,True,
2023-04-19,6359.64,219,Deportes,Sur,True,
2023-04-20,6076.9,209,Electrónicos,Oeste,False,
2023-04-21,6360.07,219,Alimentos,Este,False,
2023-04-22,8921.97,307,Alimentos,Norte,False,
2023-04-23,7796.28,268,Deportes,Sur,False,
2023-04-24,6592.65,227,Deportes,Sur,False,
2023-04-25,6464.31,222,Electrónicos,Norte,False,
2023-04-26,6838.59,235,Electrónicos,Norte,False,
2023-04-27,6178.61,213,Ropa,Norte,False,
2023-04-28,5990.52,206,Deportes,Este,False,
2023-04-29,8344.14,287,Ropa,Sur,False,
2023-04-30,8497.77,293,Ropa,Este,False,
2023-05-01,6258.64,215,Hogar,Centro,True,
2023-05-02,6372.01,219,Electrónicos,Norte,False,
2023-05-03,6097.65,210,Alimentos,Sur,False,
2023-05-04,6248.47,215,Alimentos,Oeste,False,
2023-05-05,6425.24,221,Hogar,Oeste,False,
2023-05-06,7504.42,258,Electrónicos,Sur,False,
2023-05-07,8979.86,309,Electrónicos,Oeste,False,
2023-05-08,6833.07,235,Hogar,Centro,True,
2023-05-09,6501.81,224,Electrónicos,Este,False,
2023-05-10,6730.97,232,Alimentos,Este,True,
2023-05-11,6794.89,234,Hogar,Oeste,False,
2023-05-12,6742.19,232,Alimentos,Centro,False,
2023-05-13,8999.05,310,Ropa,Norte,True,
2023-05-14,7591.29,261,Ropa,Sur,False,
2023-05-15,6514.94,224,Ropa,Centro,False,
2023-05-16,6148.96,212,Hogar,Centro,True,
2023-05-17,6142.78,211,Electrónicos,Oeste,False,
2023-05-18,6884.9,237,Hogar,Oeste,False,
2023-05-19,6193.47,213,Alimentos,Centro,False,
2023-05-20,7690.04,265,Ropa,Sur,False,
2023-05-21,7946.54,274,Deportes,Sur,True,
2023-05-22,6384.35,220,Electrónicos,Centro,True,
2023-05-23,6576.46,226,Electrónicos,Sur,False,
2023-05-24,6072.3,209,Ropa,Sur,False,
2023-05-25,6237.62,215,Electrónicos,Norte,False,
2023-05-26,6606.66,227,Hogar,Centro,False,
2023-05-27,8888.2,306,Hogar,Norte,False,
2023-05-28,8726.6,301,Electrónicos,Este,False,
2023-05-29,6256.21,215,Electrónicos,Oeste,False,
2023-05-30,5808.5,200,Alimentos,Norte,False,
2023-05-31,6063.31,209,Hogar,Este,False,
2023-06-01,6013.07,207,Electrónicos,Norte,True,
2023-06-02,5799.34,200,Ropa,Norte,False,
2023-06-03,7884.23,271,Deportes,Oeste,False,
2023-06-04,8597.45,296,Hogar,Centro,False,
2023-06-05,6852.77,236,Electrónicos,Centro,False,
2023-06-06,6335.97,218,Alimentos,Sur,False,
2023-06-07,6718.13,231,Ropa,Sur,False,
2023-06-08,6421.94,221,Alimentos,Sur,False,
2023-06-09,5780.38,199,Ropa,Sur,False,
2023-06-10,7922.43,273,Alimentos,Norte,False,
2023-06-11,8786.15,303,Alimentos,Sur,False,
2023-06-12,6108.24,210,Electrónicos,Oeste,False,
2023-06-13,5785.09,199,Alimentos,Sur,False,
2023-06-14,6499.39,224,Electrónicos,Norte,False,
2023-06-15,6505.17,224,Alimentos,Oeste,False,
2023-06-16,5773.01,199,Alimentos,Este,False,
2023-06-17,8305.86,286,Deportes,Centro,True,
2023-06-18,8848.78,305,Hogar,Norte,False,
2023-06-19,6829.27,235,Hogar,Sur,False,
2023-06-20,6587.94,227,Hogar,Este,False,
2023-06-21,6195.26,213,Hogar,Centro,False,
2023-06-22,6603.66,227,Deportes,Centro,False,
2023-06-23,6004.93,207,Alimentos,Centro,False,
2023-06-24,8039.55,277,Electrónicos,Este,False,
2023-06-25,8826.01,304,Ropa,Oeste,False,
2023-06-26,6138.37,211,Electrónicos,Oeste,False,
2023-06-27,6612.1,228,Deportes,Sur,False,
2023-06-28,6999.79,241,Hogar,Este,False,
2023-06-29,6777.53,233,Alimentos,Norte,False,
2023-06-30,5868.15,202,Hogar,Oeste,False,
2023-07-01,9138.81,315,Electrónicos,Norte,False,
2023-07-02,9148.83,315,Hogar,Este,False,
2023-07-03,6388.19,220,Deportes,Este,True,
2023-07-04,6777.58,233,Electrónicos,Este,False,
2023-07-05,6976.96,240,Deportes,Sur,False,
2023-07-06,5796.75,199,Hogar,Centro,False,
2023-07-07,5945.25,205,Electrónicos,Sur,True,
2023-07-08,9039.13,311,Deportes,Sur,False,
2023-07-09,8003.85,276,Deportes,Este,False,
2023-07-10,6379.21,220,Electrónicos,Norte,False,
2023-07-11,6811.91,234,Hogar,Oeste,True,
2023-07-12,6349.57,219,Hogar,Este,False,
2023-07-13,6317.46,217,Electrónicos,Este,True,
2023-07-14,6147.36,212,Alimentos,Este,False,
2023-07-15,8993.12,310,Deportes,Oeste,False,Día de la Independencia
2023-07-16,8637.22,297,Electrónicos,Centro,False,
2023-07-17,6858.97,236,Hogar,Centro,False,
2023-07-18,5992.48,206,Electrónicos,Centro,True,
2023-07-19,5842.07,201,Alimentos,Centro,False,
2023-07-20,6687.16,230,Hogar,Norte,False,
2023-07-21,6567.02,226,Alimentos,Norte,True,
2023-07-22,8780.18,302,Deportes,Centro,True,
2023-07-23,8901.2,307,Deportes,Centro,False,
2023-07-24,6849.25,236,Alimentos,Oeste,False,
2023-07-25,6431.26,221,Deportes,Centro,False,
2023-07-26,6633.9,228,Electrónicos,Norte,False,
2023-07-27,7066.93,243,Electrónicos,Oeste,True,
2023-07-28,5873.2,202,Ropa,Sur,False,
2023-07-29,7888.28,272,Electrónicos,Sur,True,
2023-07-30,8912.75,307,Electrónicos,Sur,True,
2023-07-31,6654.62,229,Hogar,Este,False,
2023-08-01,6458.05,222,Hogar,Oeste,False,
2023-08-02,6251.32,215,Ropa,Este,False,
2023-08-03,6868.39,236,Alimentos,Centro,False,
2023-08-04,6757.65,233,Alimentos,Oeste,True,
2023-08-05,8544.12,294,Electrónicos,Centro,False,
2023-08-06,8908.11,307,Electrónicos,Centro,False,
2023-08-07,5990.57,206,Ropa,Este,False,
2023-08-08,6244.39,215,Electrónicos,Sur,True,
2023-08-09,7017.73,242,Alimentos,Este,False,
2023-08-10,6372.97,219,Alimentos,Oeste,False,
2023-08-11,5904.46,203,Deportes,Este,False,
2023-08-12,8189.62,282,Alimentos,Centro,False,
2023-08-13,8870.96,306,Hogar,Centro,False,
2023-08-14,5878.02,202,Deportes,Centro,False,
2023-08-15,6707.06,231,Hogar,Centro,False,
2023-08-16,6229.34,214,Ropa,Centro,False,
2023-08-17,6387.98,220,Hogar,Norte,False,
2023-08-18,5869.97,202,Electrónicos,Este,False,
2023-08-19,7693.44,265,Alimentos,Norte,False,
2023-08-20,7591.44,261,Deportes,Centro,False,
2023-08-21,5994.93,206,Ropa,Oeste,False,
2023-08-22,6693.15,230,Alimentos,Este,True,
2023-08-23,6381.95,220,Hogar,Norte,False,
2023-08-24,6551.06,225,Hogar,Oeste,False,
2023-08-25,6939.82,239,Ropa,Oeste,False,
2023-08-26,8702.03,300,Electrónicos,Centro,False,
2023-08-27,8009.4,276,Deportes,Oeste,False,
2023-08-28,5914.04,204,Alimentos,Norte,True,
2023-08-29,6923.86,238,Ropa,Este,False,
2023-08-30,6109.74,210,Ropa,Sur,False,
2023-08-31,6959.96,240,Deportes,Norte,False,
2023-09-01,6248.37,215,Hogar,Oeste,False,
2023-09-02,9047.18,312,Electrónicos,Norte,False,
2023-09-03,8118.73,280,Deportes,Centro,False,
2023-09-04,6066.42,209,Hogar,Sur,True,
2023-09-05,6836.35,235,Electrónicos,Este,False,
2023-09-06,6821.23,235,Hogar,Oeste,False,
2023-09-07,6627.33,228,Hogar,Oeste,False,
2023-09-08,6863.58,236,Alimentos,Este,True,
2023-09-09,8095.85,279,Alimentos,Norte,False,
2023-09-10,9063.02,312,Deportes,Oeste,True,
2023-09-11,6460.11,222,Alimentos,Centro,False,
2023-09-12,6857.57,236,Ropa,Oeste,False,
2023-09-13,6215.17,214,Hogar,Centro,False,
2023-09-14,6294.47,217,Deportes,Norte,False,
2023-09-15,6290.87,217,Ropa,Norte,False,
2023-09-16,8178.94,282,Deportes,Sur,True,
2023-09-17,8775.8,302,Alimentos,Norte,False,
2023-09-18,6819.79,235,Electrónicos,Oeste,False,
2023-09-19,5983.26,206,Ropa,Centro,False,
2023-09-20,6347.95,218,Ropa,Sur,False,
2023-09-21,5896.52,203,Hogar,Norte,False,
2023-09-22,6423.73,221,Deportes,Centro,False,
2023-09-23,8994.7,310,Hogar,Este,False,
2023-09-24,7875.05,271,Electrónicos,Norte,True,
2023-09-25,6484.56,223,Hogar,Centro,False,
2023-09-26,6164.35,212,Deportes,Este,False,
2023-09-27,5847.73,201,Electrónicos,Oeste,False,
2023-09-28,6589.16,227,Electrónicos,Centro,False,
2023-09-29,6278.16,216,Alimentos,Sur,False,
2023-09-30,7921.67,273,Ropa,Centro,False,
2023-10-01,8567.54,295,Electrónicos,Oeste,True,
2023-10-02,6636.45,228,Hogar,Centro,True,
2023-10-03,6559.38,226,Hogar,Norte,False,
2023-10-04,6990.89,241,Electrónicos,Norte,False,
2023-10-05,5858.67,202,Ropa,Sur,False,
2023-10-06,6018.79,207,Deportes,Sur,False,
2023-10-07,8164.75,281,Deportes,Oeste,False,
2023-10-08,9163.46,316,Electrónicos,Sur,False,
2023-10-09,6758.9,233,Alimentos,Sur,False,
2023-10-10,6751.23,232,Hogar,Norte,False,
2023-10-11,6770.92,233,Alimentos,Oeste,True,
2023-10-12,6515.12,224,Deportes,Centro,True,
2023-10-13,5958.17,205,Ropa,Norte,False,
2023-10-14,9231.05,318,Hogar,Norte,True,
2023-10-15,8070.91,278,Deportes,Centro,False,
2023-10-16,5902.91,203,Alimentos,Centro,False,
2023-10-17,7001.46,241,Electrónicos,Este,False,
2023-10-18,6898.11,237,Hogar,Este,True,
2023-10-19,6388.99,220,Electrónicos,Sur,False,
2023-10-20,6057.73,208,Alimentos,Sur,False,
2023-10-21,8479.38,292,Ropa,Sur,False,
2023-10-22,9326.23,321,Hogar,Este,True,
2023-10-23,7166.91,247,Deportes,Centro,False,
2023-10-24,6346.67,218,Electrónicos,Norte,False,
2023-10-25,6480.31,223,Hogar,Centro,False,
2023-10-26,7016.87,242,Hogar,Oeste,False,
2023-10-27,7062.17,243,Electrónicos,Este,True,
2023-10-28,9072.34,312,Deportes,Oeste,False,
2023-10-29,8994.54,310,Ropa,Sur,False,
2023-10-30,6869.03,236,Ropa,Sur,False,
2023-10-31,6695.07,230,Alimentos,Este,False,
2023-11-01,10224.46,352,Hogar,Norte,True,
2023-11-02,9281.69,320,Deportes,Este,True,
2023-11-03,10528.23,363,Ropa,Norte,False,
2023-11-04,12850.17,443,Ropa,Oeste,True,
2023-11-05,11907.89,410,Electrónicos,Este,True,
2023-11-06,9601.63,331,Electrónicos,Norte,False,
2023-11-07,9180.18,316,Hogar,Sur,False,
2023-11-08,9056.09,312,Electrónicos,Oeste,True,
2023-11-09,9456.36,326,Ropa,Centro,False,
2023-11-10,8890.51,306,Hogar,Sur,False,
2023-11-11,13416.36,462,Alimentos,Norte,False,
2023-11-12,12190.43,420,Hogar,Norte,False,
2023-11-13,10647.42,367,Hogar,Este,False,
2023-11-14,9451.16,326,Electrónicos,Oeste,False,
2023-11-15,10456.28,360,Deportes,Oeste,False,
2023-11-16,10217.86,352,Deportes,Norte,False,
2023-11-17,10412.7,359,Electrónicos,Oeste,False,
2023-11-18,13041.4,449,Ropa,Centro,False,
2023-11-19,12114.14,417,Electrónicos,Sur,True,
2023-11-20,10382.95,358,Alimentos,Sur,False,
2023-11-21,9365.29,323,Alimentos,Sur,False,
2023-11-22,9171.37,316,Alimentos,Este,False,
2023-11-23,9732.02,335,Ropa,Centro,False,
2023-11-24,9364.68,323,Hogar,Este,False,
2023-11-25,11876.47,409,Ropa,Oeste,False,
2023-11-26,12009.53,414,Electrónicos,Norte,False,
2023-11-27,8864.5,305,Ropa,Sur,False,
2023-11-28,10499.55,362,Ropa,Este,True,
2023-11-29,10286.24,354,Ropa,Centro,False,
2023-11-30,10827.32,373,Hogar,Centro,False,
2023-12-01,9148.02,315,Electrónicos,Centro,True,
2023-12-02,11589.77,399,Electrónicos,Centro,False,
2023-12-03,13017.59,449,Hogar,Norte,False,
2023-12-04,9002.02,310,Electrónicos,Oeste,True,
2023-12-05,10747.92,370,Hogar,Este,False,
2023-12-06,10148.39,350,Ropa,Oeste,False,
2023-12-07,9911.92,341,Hogar,Centro,False,
2023-12-08,9811.68,338,Hogar,Norte,False,
2023-12-09,13979.97,482,Deportes,Oeste,False,
2023-12-10,12921.34,445,Hogar,Oeste,False,
2023-12-11,10176.21,351,Hogar,Sur,False,
2023-12-12,9740.52,336,Alimentos,Centro,False,
2023-12-13,9066.06,312,Electrónicos,Norte,False,
2023-12-14,8981.82,309,Hogar,Oeste,False,
2023-12-15,9377.32,323,Electrónicos,Norte,True,
2023-12-16,12734.55,439,Electrónicos,Sur,True,
2023-12-17,13968.46,481,Hogar,Norte,False,
2023-12-18,9010.17,310,Alimentos,Centro,False,
2023-12-19,9133.86,315,Deportes,Este,False,
2023-12-20,9447.62,325,Ropa,Norte,False,
2023-12-21,9714.72,335,Deportes,Oeste,True,
2023-12-22,9796.35,337,Electrónicos,Centro,False,
2023-12-23,12872.06,444,Deportes,Norte,False,
2023-12-24,11770.76,406,Alimentos,Norte,True,
2023-12-25,10295.09,355,Alimentos,Oeste,False,Navidad
2023-12-26,10291.01,354,Electrónicos,Norte,False,
2023-12-27,9452.64,326,Electrónicos,Centro,False,
2023-12-28,10395.09,358,Deportes,Oeste,False,
2023-12-29,9008.53,310,Electrónicos,Centro,False,
2023-12-30,11766.11,405,Alimentos,Oeste,False,
2023-12-31,12545.59,432,Ropa,Este,False,
